
<!DOCTYPE suite SYSTEM "http://testng.org/testng-1.0.dtd">
<suite name="MyTestNG suite" parallel="tests" verbose="2" thread-count="5">
    
  <test name="Google">
   <parameter name = "browser" value = "FF" />   
    <classes>
      <class name="TestNGSuiteDemo.GoogleTest"/>
    </classes>
  </test>
  <test name="Bing">
   <parameter name = "browser" value = "FF" />    
    <classes>
      <class name="TestNGSuiteDemo.BingTest"/>
    </classes>
  </test>
  <test name="Yahoo">
   <parameter name = "browser" value = "" />   
    <classes>
      <class name="TestNGSuiteDemo.YahooTest"/>
    </classes>
  </test>
</suite> 
